Team,Opponent,Round,Team_Wins_Before,Opp_Wins_Before,Team_Win_Streak,Opp_Win_Streak,Match_Outcome
UE,UP,First Round,0,0,0,0,0
UP,UE,First Round,0,0,0,0,1
FEU,UST,First Round,0,0,0,0,1
UST,FEU,First Round,0,0,0,0,0
Ateneo,Adamson,First Round,0,0,0,0,0
Adamson,Ateneo,First Round,0,0,0,0,1
NU,DLSU,First Round,0,0,0,0,1
DLSU,NU,First Round,0,0,0,0,0
Ateneo,NU,First Round,0,1,-1,1,0
NU,Ateneo,First Round,1,0,1,-1,1
UP,FEU,First Round,1,1,1,1,1
FEU,UP,First Round,1,1,1,1,0
UST,UE,First Round,0,0,-1,-1,1
UE,UST,First Round,0,0,-1,-1,0
DLSU,Adamson,First Round,0,1,-1,1,1
Adamson,DLSU,First Round,1,0,1,-1,0
UP,Ateneo,First Round,2,0,2,-2,0
Ateneo,UP,First Round,0,2,-2,2,1
NU,FEU,First Round,2,1,2,-1,1
FEU,NU,First Round,1,2,-1,2,0
Adamson,UE,First Round,1,0,-1,-2,1
UE,Adamson,First Round,0,1,-2,-1,0
DLSU,UST,First Round,1,1,1,1,0
UST,DLSU,First Round,1,1,1,1,1
UST,Adamson,First Round,2,2,2,1,1
Adamson,UST,First Round,2,2,1,2,0
NU,UE,First Round,3,0,3,-3,1
UE,NU,First Round,0,3,-3,3,0
DLSU,UP,First Round,1,2,-1,-1,1
UP,DLSU,First Round,2,1,-1,-1,0
FEU,Ateneo,First Round,1,1,-2,1,1
Ateneo,FEU,First Round,1,1,1,-2,0
UE,FEU,First Round,0,2,-4,1,0
FEU,UE,First Round,2,0,1,-4,1
UP,UST,First Round,2,3,-2,3,0
UST,UP,First Round,3,2,3,-2,1
DLSU,UE,First Round,2,0,1,-5,1
UE,DLSU,First Round,0,2,-5,1,0
Adamson,FEU,First Round,2,3,-1,2,0
FEU,Adamson,First Round,3,2,2,-1,1
UP,NU,First Round,2,4,-3,4,0
NU,UP,First Round,4,2,4,-3,1
UST,Ateneo,First Round,4,1,4,-1,1
Ateneo,UST,First Round,1,4,-1,4,0
NU,Adamson,First Round,5,2,5,-2,0
Adamson,NU,First Round,2,5,-2,5,1
Ateneo,DLSU,First Round,1,3,-2,2,0
DLSU,Ateneo,First Round,3,1,2,-2,1
Ateneo,UE,First Round,1,0,-3,-6,1
UE,Ateneo,First Round,0,1,-6,-3,0
FEU,DLSU,First Round,4,4,3,3,0
DLSU,FEU,First Round,4,4,3,3,1
Adamson,UP,First Round,3,2,1,-4,0
UP,Adamson,First Round,2,3,-4,1,1
NU,UST,First Round,5,5,-1,5,1
UST,NU,First Round,5,5,5,-1,0
Adamson,UE,Second Round,3,0,-1,-7,1
UE,Adamson,Second Round,0,3,-7,-1,0
UP,Ateneo,Second Round,3,2,1,1,0
Ateneo,UP,Second Round,2,3,1,1,1
FEU,UST,Second Round,4,5,-1,-1,1
UST,FEU,Second Round,5,4,-1,-1,0
NU,DLSU,Second Round,6,5,1,4,1
DLSU,NU,Second Round,5,6,4,1,0
UP,NU,Second Round,3,7,-1,2,1
NU,UP,Second Round,7,3,2,-1,0
UE,FEU,Second Round,0,5,-8,1,0
FEU,UE,Second Round,5,0,1,-8,1
Ateneo,Adamson,Second Round,3,4,2,1,1
Adamson,Ateneo,Second Round,4,3,1,2,0
DLSU,UST,Second Round,5,5,-1,-2,1
UST,DLSU,Second Round,5,5,-2,-1,0
UE,UP,Second Round,0,4,-9,1,0
UP,UE,Second Round,4,0,1,-9,1
NU,FEU,Second Round,7,6,-1,2,1
FEU,NU,Second Round,6,7,2,-1,0
DLSU,Ateneo,Second Round,6,4,1,3,1
Ateneo,DLSU,Second Round,4,6,3,1,0
UST,Adamson,Second Round,5,4,-3,-1,1
Adamson,UST,Second Round,4,5,-1,-3,0
UST,Ateneo,Second Round,6,4,1,-1,1
Ateneo,UST,Second Round,4,6,-1,1,0
DLSU,UE,Second Round,7,0,2,-10,1
UE,DLSU,Second Round,0,7,-10,2,0
FEU,UP,Second Round,6,5,-1,2,1
UP,FEU,Second Round,5,6,2,-1,0
NU,Adamson,Second Round,8,4,1,-2,0
Adamson,NU,Second Round,4,8,-2,1,1
UE,NU,Second Round,0,8,-11,-1,0
NU,UE,Second Round,8,0,-1,-11,1
Ateneo,FEU,Second Round,4,7,-2,1,0
FEU,Ateneo,Second Round,7,4,1,-2,1
UE,UST,Second Round,0,7,-12,2,0
UST,UE,Second Round,7,0,2,-12,1
Adamson,FEU,Second Round,5,8,1,2,1
FEU,Adamson,Second Round,8,5,2,1,0
NU,Ateneo,Second Round,9,4,1,-3,1
Ateneo,NU,Second Round,4,9,-3,1,0
UP,DLSU,Second Round,5,8,-1,3,1
DLSU,UP,Second Round,8,5,3,-1,0
UST,UP,Second Round,8,6,3,1,1
UP,UST,Second Round,6,8,1,3,0
DLSU,Adamson,Second Round,8,6,-1,2,1
Adamson,DLSU,Second Round,6,8,2,-1,0
Ateneo,UE,Second Round,4,0,-4,-13,1
UE,Ateneo,Second Round,0,4,-13,-4,0
FEU,DLSU,Second Round,8,9,-1,1,1
DLSU,FEU,Second Round,9,8,1,-1,0
UP,Adamson,Second Round,6,6,-1,-1,0
Adamson,UP,Second Round,6,6,-1,-1,1
NU,UST,Second Round,10,9,2,4,1
UST,NU,Second Round,9,10,4,2,0
FEU,NU,Final Four,9,11,1,3,0
NU,FEU,Final Four,11,9,3,1,1
DLSU,UST,Final Four,9,9,-1,-1,1
UST,DLSU,Final Four,9,9,-1,-1,0
NU,DLSU,Finals,12,10,4,1,1
DLSU,NU,Finals,10,12,1,4,0
DLSU,NU,Finals,10,13,-1,5,0
NU,DLSU,Finals,13,10,5,-1,1
